"Symbol","Series","Date","Prev Close","Open Price","High Price","Low Price","Last Price","Close Price","Average Price","Total Traded Quantity","Turnover","No. of Trades","Deliverable Qty","% Dly Qt to Traded Qty"
"IDEA","EQ","16-Jul-2018","         53.35","         53.00","         54.50","         52.15","         52.50","         52.45","         53.03","   20848550","          1105687252.35","      53160","    8820961","         42.31"
"IDEA","EQ","17-Jul-2018","         52.45","         52.50","         53.20","         51.50","         52.40","         52.45","         52.48","   22131264","          1161431426.65","      31664","   14161154","         63.99"
"IDEA","EQ","18-Jul-2018","         52.45","         52.50","         52.95","         48.30","         50.20","         50.00","         50.17","   29264511","          1468215248.80","      70718","   12598301","         43.05"
"IDEA","EQ","19-Jul-2018","         50.00","         50.00","         50.80","         48.70","         50.75","         50.40","         50.01","    8514282","           425806807.75","      19877","     994755","         11.68"
"IDEA","EQ","20-Jul-2018","         50.40","         50.20","         51.65","         49.20","         50.95","         51.15","         50.34","    7199661","           362463196.70","      19182","     877684","         12.19"
"IDEA","EQ","23-Jul-2018","         51.15","         50.95","         52.95","         50.35","         52.80","         52.55","         51.54","    8646867","           445679045.40","      21958","     976718","         11.30"
"IDEA","EQ","24-Jul-2018","         52.55","         54.00","         61.25","         53.80","         56.20","         56.40","         58.05","   77717750","          4511127569.70","     151528","    6286645","          8.09"
"IDEA","EQ","25-Jul-2018","         56.40","         56.55","         56.60","         54.60","         55.00","         54.90","         55.45","   15811171","           876698044.55","      37685","    2253637","         14.25"
"IDEA","EQ","26-Jul-2018","         54.90","         55.00","         57.50","         54.30","         57.20","         56.80","         56.04","   26181656","          1467233157.00","      50132","    7498260","         28.64"
"IDEA","EQ","27-Jul-2018","         56.80","         58.00","         60.95","         56.00","         56.15","         56.35","         58.45","   46959019","          2744871790.55","      99327","    5525014","         11.77"
"IDEA","EQ","30-Jul-2018","         56.35","         56.75","         58.95","         55.50","         58.40","         58.40","         57.71","   27566657","          1590867797.20","      57980","    4302134","         15.61"
"IDEA","EQ","31-Jul-2018","         58.40","         56.30","         57.80","         54.30","         54.65","         54.85","         55.59","   44197938","          2456966166.10","      92760","    8086201","         18.30"
"IDEA","EQ","01-Aug-2018","         54.85","         55.25","         55.50","         53.05","         53.50","         53.55","         53.95","   16642136","           897778817.20","      39451","    3280117","         19.71"
"IDEA","EQ","02-Aug-2018","         53.55","         54.00","         54.70","         53.20","         54.60","         54.40","         54.08","   17221943","           931376169.50","      34586","    3996644","         23.21"
"IDEA","EQ","03-Aug-2018","         54.40","         55.00","         56.05","         54.55","         55.25","         55.20","         55.21","   12310187","           679691489.75","      38788","    2082586","         16.92"
"IDEA","EQ","06-Aug-2018","         55.20","         55.50","         55.90","         54.60","         54.95","         54.90","         55.27","   10355161","           572311547.30","      22417","    2730314","         26.37"
"IDEA","EQ","07-Aug-2018","         54.90","         55.00","         55.50","         54.15","         55.00","         55.00","         54.86","    8107677","           444798281.95","      17515","    1115637","         13.76"
"IDEA","EQ","08-Aug-2018","         55.00","         55.00","         56.00","         54.80","         55.45","         55.35","         55.35","    7933881","           439170567.05","      22695","    1404066","         17.70"
"IDEA","EQ","09-Aug-2018","         55.35","         55.05","         57.10","         55.00","         56.30","         56.35","         56.27","   12043084","           677723467.00","      27117","    3474154","         28.85"
"IDEA","EQ","10-Aug-2018","         56.35","         56.35","         56.35","         54.00","         54.40","         54.40","         54.80","    9695324","           531282847.30","      28402","    2423140","         24.99"
"IDEA","EQ","13-Aug-2018","         54.40","         54.30","         54.30","         52.30","         52.60","         52.50","         53.09","    9695230","           514706684.70","      23678","    1803629","         18.60"
"IDEA","EQ","14-Aug-2018","         52.50","         52.60","         53.20","         51.80","         51.95","         52.00","         52.37","    8572573","           448944309.60","      20199","    1901898","         22.19"
"IDEA","EQ","16-Aug-2018","         52.00","         51.95","         52.35","         50.45","         50.50","         50.60","         51.12","    8490892","           434041234.95","      25893","    2069254","         24.37"
"IDEA","EQ","17-Aug-2018","         50.60","         50.80","         51.50","         50.55","         50.90","         50.90","         50.96","    7917892","           403480170.15","      24581","    1920238","         24.25"
"IDEA","EQ","20-Aug-2018","         50.90","         51.50","         54.05","         51.30","         53.30","         53.40","         53.11","   25733933","          1366600759.40","      48355","    6497232","         25.25"
"IDEA","EQ","21-Aug-2018","         53.40","         54.20","         54.95","         52.30","         53.20","         52.90","         53.29","   23063463","          1229069796.50","      43278","    3523447","         15.28"
"IDEA","EQ","23-Aug-2018","         52.90","         53.25","         53.65","         52.45","         53.00","         52.80","         52.98","   11991968","           635349717.05","      25313","    2227304","         18.57"
"IDEA","EQ","24-Aug-2018","         52.80","         52.90","         53.10","         51.65","         52.10","         52.15","         52.27","    9748118","           509522917.75","      20414","    1522208","         15.62"
"IDEA","EQ","27-Aug-2018","         52.15","         52.30","         52.80","         51.10","         51.40","         51.40","         51.92","   10721858","           556671738.55","      22126","    3804234","         35.48"
"IDEA","EQ","28-Aug-2018","         51.40","         51.60","         51.95","         50.75","         51.00","         51.10","         51.10","   12348792","           631048615.20","      34944","    4953979","         40.12"
"IDEA","EQ","29-Aug-2018","         51.10","         51.40","         51.40","         49.35","         49.65","         49.55","         49.96","   30045004","          1501126804.80","      41464","   15638871","         52.05"
"IDEA","EQ","30-Aug-2018","         49.55","         49.65","         50.35","         48.80","         50.35","         49.85","         49.58","   46297555","          2295365669.15","      46100","   19815259","         42.80"
"IDEA","EQ","31-Aug-2018","         49.85","         52.70","         52.90","         49.10","         49.20","         49.35","         50.42","   74834184","          3773034761.45","     126354","   28525840","         38.12"
"IDEA","EQ","03-Sep-2018","         49.35","         50.45","         52.30","         49.70","         50.80","         51.05","         50.76","   41988542","          2131398680.95","      75778","   13703097","         32.64"
"IDEA","EQ","04-Sep-2018","         51.05","         51.25","         51.55","         49.05","         49.55","         49.40","         50.51","   26697734","          1348544389.95","      67456","    6950479","         26.03"
"IDEA","EQ","05-Sep-2018","         49.40","         49.60","         50.15","         46.85","         47.90","         47.90","         48.17","   31460967","          1515454412.10","      55036","    8286895","         26.34"
"IDEA","EQ","06-Sep-2018","         47.90","         47.90","         48.15","         46.35","         46.40","         46.55","         46.82","   30423637","          1424572399.75","      69329","    9057791","         29.77"
"IDEA","EQ","07-Sep-2018","         46.55","         46.55","         47.75","         45.60","         46.70","         46.90","         46.70","   30678260","          1432632545.65","      54727","    8796997","         28.68"
"IDEA","EQ","10-Sep-2018","         46.90","         46.70","         48.70","         46.30","         47.60","         47.75","         47.41","   26555551","          1258978973.70","      40280","    8232323","         31.00"
"IDEA","EQ","11-Sep-2018","         47.75","         47.80","         48.20","         45.70","         46.40","         46.20","         47.04","   21127642","           993929241.45","      38245","    4682499","         22.16"
"IDEA","EQ","12-Sep-2018","         46.20","         47.40","         47.40","         44.85","         46.25","         46.20","         46.12","   23775215","          1096537227.70","      46234","    3439425","         14.47"
"IDEA","EQ","14-Sep-2018","         46.20","         46.35","         46.95","         46.05","         46.20","         46.35","         46.47","   17607394","           818228910.90","      27412","    7498582","         42.59"
"IDEA","EQ","17-Sep-2018","         46.35","         46.20","         48.50","         45.65","         47.70","         47.70","         47.26","   20240557","           956485372.25","      35223","    3374915","         16.67"
"IDEA","EQ","18-Sep-2018","         47.70","         48.35","         48.45","         46.05","         46.25","         46.25","         46.96","   15841783","           743925131.00","      42247","    4148544","         26.19"
"IDEA","EQ","19-Sep-2018","         46.25","         46.50","         47.05","         45.05","         45.40","         45.75","         46.21","   12093119","           558840299.25","      25640","    2688625","         22.23"
"IDEA","EQ","21-Sep-2018","         45.75","         45.95","         46.25","         41.20","         45.20","         45.45","         44.55","   52394330","          2334091013.90","      62222","   27433991","         52.36"
"IDEA","EQ","24-Sep-2018","         45.45","         44.20","         44.70","         41.35","         41.55","         42.15","         42.86","   21376618","           916108307.05","      43789","    6530665","         30.55"
"IDEA","EQ","25-Sep-2018","         42.15","         41.50","         41.80","         39.50","         40.60","         40.50","         40.68","   25174254","          1024080573.85","      50831","    7044852","         27.98"
"IDEA","EQ","26-Sep-2018","         40.50","         41.20","         41.80","         40.20","         41.50","         41.45","         41.05","   18000078","           738955684.35","      35594","    3742707","         20.79"
"IDEA","EQ","27-Sep-2018","         41.45","         41.45","         41.45","         38.35","         38.65","         38.50","         39.38","   30218601","          1189989729.30","      44555","   12993668","         43.00"
"IDEA","EQ","28-Sep-2018","         38.50","         38.50","         39.00","         36.35","         38.85","         38.55","         37.95","   26854355","          1019186551.15","      43944","    8420477","         31.36"
"IDEA","EQ","01-Oct-2018","         38.55","         38.75","         39.05","         37.45","         38.75","         38.75","         38.25","   18758793","           717561028.50","      33677","    5905833","         31.48"
"IDEA","EQ","03-Oct-2018","         38.75","         38.00","         39.20","         36.50","         36.75","         36.70","         37.64","   30690251","          1155038840.55","      45704","   13273008","         43.25"
"IDEA","EQ","04-Oct-2018","         36.70","         36.00","         37.05","         33.10","         33.60","         33.80","         34.83","   33992921","          1183817124.55","      53517","   11621683","         34.19"
"IDEA","EQ","05-Oct-2018","         33.80","         33.85","         34.60","         32.95","         33.60","         33.55","         33.76","   36202967","          1222062402.05","      45612","   12847335","         35.49"
"IDEA","EQ","08-Oct-2018","         33.55","         33.85","         34.25","         32.55","         33.90","         33.65","         33.52","   22218648","           744719233.25","      46771","    4923479","         22.16"
"IDEA","EQ","09-Oct-2018","         33.65","         33.95","         35.10","         33.45","         34.40","         34.45","         34.21","   19426780","           664659019.50","      39861","    4997320","         25.72"
"IDEA","EQ","10-Oct-2018","         34.45","         34.25","         36.45","         33.05","         35.70","         36.05","         34.99","   29046622","          1016221446.45","      55568","    7941290","         27.34"
"IDEA","EQ","11-Oct-2018","         36.05","         33.80","         35.25","         33.40","         34.60","         34.55","         34.54","   15801861","           545726300.40","      36933","    3603670","         22.81"
"IDEA","EQ","12-Oct-2018","         34.55","         35.00","         36.50","         34.95","         36.00","         35.95","         35.91","   14907369","           535284933.10","      25468","    1812436","         12.16"
"IDEA","EQ","15-Oct-2018","         35.95","         36.40","         37.35","         35.80","         36.75","         36.75","         36.70","   14071857","           516468730.00","      23839","    2850939","         20.26"
"IDEA","EQ","16-Oct-2018","         36.75","         36.70","         37.45","         36.35","         37.30","         37.00","         36.84","    9779044","           360219348.55","      15989","    2245317","         22.96"
"IDEA","EQ","17-Oct-2018","         37.00","         37.30","         38.00","         36.85","         38.00","         37.80","         37.43","   12518731","           468522199.45","      20984","    2081340","         16.63"
"IDEA","EQ","19-Oct-2018","         37.80","         37.70","         38.55","         36.30","         36.40","         36.50","         37.58","   15938389","           599039708.20","      25135","    2971181","         18.64"
"IDEA","EQ","22-Oct-2018","         36.50","         36.70","         37.25","         34.85","         35.20","         35.15","         36.05","   18946865","           683091143.65","      25355","    2272204","         11.99"
"IDEA","EQ","23-Oct-2018","         35.15","         35.15","         35.75","         34.15","         35.55","         35.40","         34.94","   13663947","           477478823.20","      39080","    3638679","         26.63"
"IDEA","EQ","24-Oct-2018","         35.40","         35.50","         36.80","         35.20","         36.30","         36.25","         35.79","   19584877","           701021248.25","      40817","    5261507","         26.87"
"IDEA","EQ","25-Oct-2018","         36.25","         36.10","         38.25","         34.50","         37.15","         37.25","         36.75","   21889199","           804509959.90","      43049","    4288293","         19.59"
"IDEA","EQ","26-Oct-2018","         37.25","         37.50","         37.55","         36.35","         36.95","         36.95","         36.99","   16022510","           592715715.15","      21477","    5589585","         34.89"
"IDEA","EQ","29-Oct-2018","         36.95","         37.30","         37.90","         36.45","         37.40","         37.70","         37.14","    9101853","           338005979.45","      14450","    2072785","         22.77"
"IDEA","EQ","30-Oct-2018","         37.70","         37.70","         39.35","         37.40","         39.00","         39.00","         38.51","   15890037","           611923234.55","      29413","    5273527","         33.19"
"IDEA","EQ","31-Oct-2018","         39.00","         39.05","         39.30","         37.50","         38.70","         38.65","         38.48","   13275710","           510855495.15","      25677","    3794916","         28.59"
"IDEA","EQ","01-Nov-2018","         38.65","         38.90","         39.20","         38.35","         39.00","         38.80","         38.74","    8051685","           311924657.85","      15957","    1234498","         15.33"
"IDEA","EQ","02-Nov-2018","         38.80","         39.00","         40.90","         39.00","         40.60","         40.60","         40.13","   12397534","           497540566.10","      24205","    2123661","         17.13"
"IDEA","EQ","05-Nov-2018","         40.60","         40.80","         41.95","         40.30","         41.70","         41.75","         41.22","   17187833","           708448193.65","      35564","    5619840","         32.70"
"IDEA","EQ","06-Nov-2018","         41.75","         41.95","         42.45","         41.50","         42.10","         42.15","         41.98","   10897977","           457530516.85","      30119","    3394477","         31.15"
"IDEA","EQ","07-Nov-2018","         42.15","         42.80","         42.80","         41.80","         42.00","         42.10","         42.24","    1546036","            65303573.10","       4081","     422849","         27.35"
"IDEA","EQ","09-Nov-2018","         42.10","         42.20","         42.50","         41.35","         42.15","         42.25","         41.98","   10560792","           443317925.30","      21009","    3171794","         30.03"
"IDEA","EQ","12-Nov-2018","         42.25","         42.50","         42.50","         40.45","         40.55","         40.80","         41.40","    8951586","           370614239.35","      16947","    2673829","         29.87"
"IDEA","EQ","13-Nov-2018","         40.80","         40.45","         40.95","         38.85","         40.30","         40.75","         40.11","   12624970","           506402181.90","      22201","    1882398","         14.91"
"IDEA","EQ","14-Nov-2018","         40.75","         40.35","         42.00","         39.55","         41.40","         41.40","         40.94","   25970799","          1063173380.95","      45192","    7708312","         29.68"
"IDEA","EQ","15-Nov-2018","         41.40","         40.15","         40.50","         36.25","         37.00","         36.90","         37.71","   56865306","          2144646039.45","      85648","   13181723","         23.18"
"IDEA","EQ","16-Nov-2018","         36.90","         37.00","         43.90","         36.20","         42.35","         43.00","         40.31","   97218878","          3918617087.10","     174267","   15177029","         15.61"
"IDEA","EQ","19-Nov-2018","         43.00","         42.25","         44.00","         39.90","         42.55","         42.70","         42.28","   62575127","          2645879065.30","     106408","    3895166","          6.22"
"IDEA","EQ","20-Nov-2018","         42.70","         42.00","         43.85","         41.10","         42.30","         42.35","         42.44","   34371275","          1458871780.90","      49133","    2688123","          7.82"
"IDEA","EQ","21-Nov-2018","         42.35","         42.35","         45.55","         42.25","         44.45","         44.55","         44.07","   48774289","          2149582142.00","      76930","    6430425","         13.18"
"IDEA","EQ","22-Nov-2018","         44.55","         43.80","         44.75","         40.80","         40.85","         41.45","         43.16","   45736783","          1973786419.35","      76330","    5326487","         11.65"
"IDEA","EQ","26-Nov-2018","         41.45","         41.65","         42.85","         39.35","         39.80","         39.85","         40.54","   42511444","          1723312601.20","     120944","    8632739","         20.31"
"IDEA","EQ","27-Nov-2018","         39.85","         39.80","         40.60","         38.20","         38.65","         38.75","         39.22","   29409459","          1153483460.40","      52472","    3005970","         10.22"
"IDEA","EQ","28-Nov-2018","         38.75","         38.75","         39.20","         37.50","         37.80","         37.80","         38.31","   20303246","           777915950.30","      35045","    2744741","         13.52"
"IDEA","EQ","29-Nov-2018","         37.80","         38.20","         38.40","         36.55","         37.85","         37.85","         37.56","   24739596","           929219043.35","      38847","    2807705","         11.35"
"IDEA","EQ","30-Nov-2018","         37.85","         37.50","         37.65","         35.10","         35.25","         35.30","         36.10","   46354925","          1673462413.30","      80636","   14702799","         31.72"
"IDEA","EQ","03-Dec-2018","         35.30","         35.65","         36.60","         35.10","         35.55","         35.65","         35.84","   29728807","          1065482794.15","      49892","    4838541","         16.28"
"IDEA","EQ","04-Dec-2018","         35.65","         36.20","         36.45","         34.85","         35.25","         35.20","         35.55","   24281597","           863325926.05","      36231","    3862915","         15.91"
"IDEA","EQ","05-Dec-2018","         35.20","         34.85","         34.95","         33.80","         33.95","         34.05","         34.43","   25844200","           889942710.40","      43946","    4486827","         17.36"
"IDEA","EQ","06-Dec-2018","         34.05","         33.90","         33.95","         33.00","         33.70","         33.55","         33.49","   25367037","           849596999.25","      40438","    5625543","         22.18"
"IDEA","EQ","07-Dec-2018","         33.55","         33.90","         34.30","         33.25","         33.75","         33.80","         33.73","   22372379","           754551005.30","      30367","    5033429","         22.50"
"IDEA","EQ","10-Dec-2018","         33.80","         33.20","         33.45","         32.65","         32.75","         33.00","         33.06","   14605213","           482868462.35","      29450","    2690044","         18.42"
"IDEA","EQ","11-Dec-2018","         33.00","         32.65","         35.45","         32.00","         34.05","         34.25","         33.59","   27649635","           928871015.15","      40867","    3319726","         12.01"
"IDEA","EQ","12-Dec-2018","         34.25","         34.20","         35.65","         34.05","         34.60","         34.65","         34.81","   20385616","           709657589.95","      32798","    2056714","         10.09"
"IDEA","EQ","13-Dec-2018","         34.65","         34.90","         35.80","         34.70","         34.90","         34.90","         35.27","   19399454","           684197094.35","      30721","    4077657","         21.02"
"IDEA","EQ","14-Dec-2018","         34.90","         35.40","         37.70","         35.25","         36.00","         36.20","         36.52","   41905527","          1530280679.00","      67105","    5392730","         12.87"
"IDEA","EQ","17-Dec-2018","         36.20","         36.45","         36.85","         35.75","         36.40","         36.40","         36.35","   18595808","           675977355.70","      26791","    2962808","         15.93"
"IDEA","EQ","18-Dec-2018","         36.40","         36.40","         37.70","         36.05","         37.35","         37.30","         36.90","   15976524","           589493650.70","      25294","    2728034","         17.08"
"IDEA","EQ","19-Dec-2018","         37.30","         37.50","         38.10","         37.30","         37.65","         37.75","         37.67","   15543507","           585548995.05","      23213","    2530859","         16.28"
"IDEA","EQ","20-Dec-2018","         37.75","         37.35","         38.45","         37.25","         38.30","         38.20","         38.01","   13589943","           516615747.50","      19872","    1933713","         14.23"
"IDEA","EQ","21-Dec-2018","         38.20","         38.50","         38.85","         37.50","         38.15","         38.30","         38.27","   35586823","          1362057411.05","      31025","   15781000","         44.35"
"IDEA","EQ","24-Dec-2018","         38.30","         38.25","         38.30","         37.15","         37.25","         37.35","         37.65","   16801259","           632539466.05","      19010","    2084819","         12.41"
"IDEA","EQ","26-Dec-2018","         37.35","         37.10","         37.50","         36.35","         37.15","         37.25","         36.85","   16922399","           623647567.15","      18478","    1984300","         11.73"
"IDEA","EQ","27-Dec-2018","         37.25","         37.70","         38.00","         36.95","         37.10","         37.15","         37.53","   14822902","           556257704.95","      19558","    1825592","         12.32"
"IDEA","EQ","28-Dec-2018","         37.15","         37.25","         38.10","         37.25","         37.50","         37.50","         37.69","   11785446","           444165896.45","      17506","    3052534","         25.90"
"IDEA","EQ","31-Dec-2018","         37.50","         37.70","         38.10","         37.60","         37.70","         37.75","         37.81","    7315409","           276590953.85","       9893","     827196","         11.31"
"IDEA","EQ","01-Jan-2019","         37.75","         38.00","         38.10","         37.10","         37.75","         37.75","         37.68","    8804237","           331766274.35","      10445","     542894","          6.17"
"IDEA","EQ","02-Jan-2019","         37.75","         37.95","         37.95","         36.50","         36.55","         36.75","         37.22","   10619192","           395216778.95","      15703","    1781731","         16.78"
"IDEA","EQ","03-Jan-2019","         36.75","         35.75","         36.30","         34.85","         36.05","         36.10","         35.75","   23707290","           847643132.85","      30901","    4065470","         17.15"
"IDEA","EQ","04-Jan-2019","         36.10","         36.10","         36.55","         35.60","         36.30","         36.20","         36.06","   12761684","           460217774.85","      16169","    1935220","         15.16"
"IDEA","EQ","07-Jan-2019","         36.20","         36.60","         36.95","         36.40","         36.70","         36.65","         36.63","    8261827","           302640393.60","       9771","    2384309","         28.86"
"IDEA","EQ","08-Jan-2019","         36.65","         36.50","         37.30","         36.25","         36.90","         36.95","         36.88","    9699415","           357710920.80","      14012","    2136404","         22.03"
"IDEA","EQ","09-Jan-2019","         36.95","         37.00","         37.40","         36.40","         37.00","         36.95","         36.89","   11329866","           417916438.55","      16210","    2364595","         20.87"
"IDEA","EQ","10-Jan-2019","         36.95","         37.00","         37.60","         36.80","         37.00","         37.10","         37.15","   10158441","           377387039.60","      15432","    2123412","         20.90"
"IDEA","EQ","11-Jan-2019","         37.10","         37.05","         37.30","         36.55","         36.85","         36.90","         36.81","    8296822","           305427346.45","      17546","    1669021","         20.12"
"IDEA","EQ","14-Jan-2019","         36.90","         37.00","         37.00","         35.60","         35.80","         35.95","         36.25","   10557786","           382707858.20","      18382","    2634482","         24.95"
"IDEA","EQ","15-Jan-2019","         35.95","         35.95","         36.45","         35.65","         36.35","         36.25","         36.09","    9633897","           347661678.35","      17767","    1894721","         19.67"
"IDEA","EQ","16-Jan-2019","         36.25","         36.35","         36.95","         36.10","         36.35","         36.40","         36.53","    8866060","           323865088.10","      16880","    1632598","         18.41"
"IDEA","EQ","17-Jan-2019","         36.40","         36.40","         37.15","         36.00","         37.00","         36.95","         36.84","   14915441","           549510248.50","      19675","    4338826","         29.09"
"IDEA","EQ","18-Jan-2019","         36.95","         37.00","         37.00","         34.35","         35.10","         35.20","         35.27","   28861742","          1017898656.80","      39975","    9486808","         32.87"
"IDEA","EQ","21-Jan-2019","         35.20","         35.20","         35.45","         32.40","         32.60","         32.85","         33.45","   39629370","          1325761160.40","      52257","   14683246","         37.05"
"IDEA","EQ","22-Jan-2019","         32.85","         32.75","         33.70","         32.60","         33.55","         33.50","         33.28","   19391011","           645337936.60","      28585","    5225555","         26.95"
"IDEA","EQ","23-Jan-2019","         33.50","         33.70","         34.50","         33.30","         34.50","         33.90","         33.70","   12749248","           429666333.25","      19412","    4169627","         32.70"
"IDEA","EQ","24-Jan-2019","         33.90","         34.45","         35.20","         33.25","         33.90","         34.05","         34.09","   33984041","          1158433429.05","      41859","    7978819","         23.48"
"IDEA","EQ","25-Jan-2019","         34.05","         33.80","         34.20","         32.25","         32.50","         32.85","         33.35","   23369945","           779285070.75","      23816","   10256970","         43.89"
"IDEA","EQ","28-Jan-2019","         32.85","         32.80","         32.80","         28.45","         31.25","         31.05","         30.76","   29488750","           906930568.50","      51231","    7979379","         27.06"
"IDEA","EQ","29-Jan-2019","         31.05","         31.05","         32.55","         30.05","         30.95","         30.70","         31.25","   30827964","           963474333.25","      46262","    6346475","         20.59"
"IDEA","EQ","30-Jan-2019","         30.70","         30.90","         31.40","         30.20","         30.40","         30.55","         30.74","   16496180","           507106297.30","      24811","    3164248","         19.18"
"IDEA","EQ","31-Jan-2019","         30.55","         30.75","         31.10","         29.60","         30.15","         30.10","         30.17","   28745767","           867272507.25","      35419","   11496301","         39.99"
"IDEA","EQ","01-Feb-2019","         30.10","         30.30","         31.40","         30.15","         31.00","         30.90","         30.71","   16952172","           520664030.65","      21591","    3978344","         23.47"
"IDEA","EQ","04-Feb-2019","         30.90","         30.95","         31.00","         29.40","         29.95","         30.05","         30.06","   18195808","           547050710.90","      26230","    3781422","         20.78"
"IDEA","EQ","05-Feb-2019","         30.05","         29.95","         30.65","         29.25","         30.35","         30.45","         29.99","   21969460","           658942725.75","      26315","    4505747","         20.51"
"IDEA","EQ","06-Feb-2019","         30.45","         30.40","         30.40","         28.80","         29.95","         30.00","         29.60","   26312052","           778845292.15","      37829","    5594765","         21.26"
"IDEA","EQ","07-Feb-2019","         30.00","         29.50","         32.95","         29.30","         32.55","         32.00","         31.60","   52968537","          1673825992.05","      70519","    5021677","          9.48"
"IDEA","EQ","08-Feb-2019","         32.00","         32.00","         32.00","         29.70","         30.50","         30.55","         30.52","   25029547","           763795061.15","      33898","    4904669","         19.60"
"IDEA","EQ","11-Feb-2019","         30.55","         30.70","         32.00","         29.60","         31.00","         31.15","         30.37","   21953351","           666820513.50","      29236","    5430551","         24.74"
"IDEA","EQ","12-Feb-2019","         31.15","         30.95","         30.95","         29.50","         29.60","         29.75","         30.03","   18874742","           566833049.60","      31367","    5745909","         30.44"
"IDEA","EQ","13-Feb-2019","         29.75","         29.80","         30.70","         29.60","         30.35","         30.45","         30.20","   18041785","           544891650.05","      26043","    5032845","         27.90"
"IDEA","EQ","14-Feb-2019","         30.45","         30.45","         31.95","         29.80","         31.95","         31.65","         30.92","   19281097","           596174348.10","      26629","    4295530","         22.28"
"IDEA","EQ","15-Feb-2019","         31.65","         31.35","         31.35","         29.75","         30.00","         30.00","         30.22","   24591355","           743224508.45","      31489","    5136351","         20.89"
"IDEA","EQ","18-Feb-2019","         30.00","         30.40","         30.90","         29.80","         30.70","         30.65","         30.32","   14830413","           449675116.00","      22910","    2385742","         16.09"
"IDEA","EQ","19-Feb-2019","         30.65","         30.45","         31.20","         29.85","         30.25","         30.30","         30.48","   19853761","           605220359.80","      28719","    5544712","         27.93"
"IDEA","EQ","20-Feb-2019","         30.30","         30.30","         30.90","         29.95","         30.85","         30.60","         30.33","   20088894","           609247352.25","      25915","    6040526","         30.07"
"IDEA","EQ","21-Feb-2019","         30.60","         30.55","         31.20","         30.25","         30.95","         31.00","         30.69","   31409768","           963956318.80","      31602","    8643799","         27.52"
"IDEA","EQ","22-Feb-2019","         31.00","         31.20","         31.40","         30.15","         30.30","         30.35","         30.69","   22884636","           702394432.30","      26562","    5148141","         22.50"
"IDEA","BL","25-Feb-2019","         75.00","         30.35","         30.35","         30.35","         30.35","         30.35","         30.35","   13328067","           404506833.45","          1","          0","          0.00"
"IDEA","EQ","25-Feb-2019","         30.35","         30.30","         31.00","         30.20","         30.30","         30.50","         30.57","   22358483","           683404191.80","      25872","    5914370","         26.45"
"IDEA","EQ","26-Feb-2019","         30.50","         30.20","         30.40","         29.20","         29.75","         29.80","         29.85","   21505100","           641918780.55","      23382","    2795271","         13.00"
"IDEA","EQ","27-Feb-2019","         29.80","         30.00","         30.55","         29.40","         29.50","         29.55","         29.92","   17311465","           517930237.75","      20894","    3070389","         17.74"
"IDEA","EQ","28-Feb-2019","         29.55","         29.60","         30.35","         29.55","         29.70","         29.90","         29.90","   41149906","          1230177488.35","      39070","   19665380","         47.79"
"IDEA","EQ","01-Mar-2019","         29.90","         30.40","         30.45","         29.60","         29.80","         29.90","         29.89","   26998236","           806959743.15","      32749","    6072869","         22.49"
"IDEA","EQ","05-Mar-2019","         29.90","         29.90","         30.50","         29.60","         29.65","         29.80","         30.06","   29582471","           889102296.45","      29630","   10073744","         34.05"
"IDEA","EQ","06-Mar-2019","         29.80","         30.00","         31.90","         29.90","         31.20","         31.25","         31.04","   57451040","          1783435518.90","      62995","   12347063","         21.49"
"IDEA","EQ","07-Mar-2019","         31.25","         31.60","         33.10","         31.30","         32.10","         32.00","         32.21","   65578537","          2112085527.60","     101738","   15621144","         23.82"
"IDEA","EQ","08-Mar-2019","         32.00","         32.00","         32.75","         31.70","         32.55","         32.55","         32.32","   29618241","           957152502.45","      28875","    6536866","         22.07"
"IDEA","EQ","11-Mar-2019","         32.55","         32.75","         34.70","         32.60","         34.45","         34.20","         33.79","   45781308","          1546758916.85","      61741","   11460557","         25.03"
"IDEA","EQ","12-Mar-2019","         34.20","         34.50","         34.75","         33.65","         34.35","         34.20","         34.21","   38704735","          1324197553.90","      42499","   10950761","         28.29"
"IDEA","EQ","13-Mar-2019","         34.20","         34.45","         35.30","         33.45","         33.85","         33.95","         34.45","   55338105","          1906368174.55","      56709","   17496338","         31.62"
"IDEA","EQ","14-Mar-2019","         33.95","         34.00","         34.40","         33.50","         33.75","         33.80","         33.87","   17333321","           587156042.30","      19381","    2651199","         15.30"
"IDEA","EQ","15-Mar-2019","         33.80","         33.95","         34.25","         33.65","         33.95","         33.95","         33.89","   16314084","           552927690.45","      22151","    5655313","         34.67"
"IDEA","EQ","18-Mar-2019","         33.95","         33.95","         34.10","         32.00","         32.30","         32.30","         32.96","   20636664","           680101023.95","      25711","    3274748","         15.87"
"IDEA","EQ","19-Mar-2019","         32.30","         32.35","         32.60","         31.20","         32.20","         32.05","         31.93","   23389654","           746878412.30","      30968","    2975528","         12.72"
"IDEA","EQ","20-Mar-2019","         32.05","         32.00","         33.50","         29.60","         33.30","         33.10","         31.64","  129865468","          4108967886.80","     153709","   28055115","         21.60"
"IDEA","EQ","22-Mar-2019","         33.10","         33.10","         33.30","         31.90","         32.05","         32.20","         32.48","   48213547","          1566144424.55","      72846","   15029590","         31.17"
"IDEA","EQ","25-Mar-2019","         32.20","         32.10","         32.10","         30.05","         30.15","         30.25","         30.84","   53420175","          1647694902.45","      65885","   20082492","         37.59"
"IDEA","EQ","26-Mar-2019","         30.25","         30.25","         30.45","         29.35","         29.50","         29.60","         29.82","   40285463","          1201495797.25","      63999","   11855035","         29.43"
"IDEA","EQ","27-Mar-2019","         29.60","         29.25","         29.55","         28.30","         28.50","         28.50","         28.86","   52581755","          1517376628.75","      64347","   11613680","         22.09"
"IDEA","EQ","28-Mar-2019","         28.50","         28.55","         30.00","         28.25","         29.00","         29.00","         29.03","  125366309","          3639235213.95","      91647","   55879538","         44.57"
"IDEA","EQ","29-Mar-2019","         29.00","         17.95","         20.45","         17.75","         17.95","         18.25","         18.82","  213974377","          4026980471.45","     191890","   50898124","         23.79"
"IDEA","EQ","01-Apr-2019","         18.25","         18.25","         18.25","         17.65","         17.80","         17.75","         17.84","   44374809","           791836416.10","      39090","    7216314","         16.26"
"IDEA","EQ","02-Apr-2019","         17.75","         17.90","         17.90","         16.60","         16.65","         16.75","         17.19","   61660301","          1059693153.90","      48199","   17668080","         28.65"
"IDEA","EQ","03-Apr-2019","         16.75","         16.45","         16.95","         15.80","         15.90","         15.90","         16.35","   61979681","          1013470425.75","      45281","   16516151","         26.65"
"IDEA","EQ","04-Apr-2019","         15.90","         15.90","         15.95","         14.90","         15.15","         15.15","         15.28","  115062504","          1758084426.80","      69418","   24014143","         20.87"
"IDEA","EQ","05-Apr-2019","         15.15","         15.05","         16.70","         15.05","         16.35","         16.30","         16.09","  163072526","          2623453346.50","      93628","   32826351","         20.13"
"IDEA","EQ","08-Apr-2019","         16.30","         16.70","         17.45","         16.55","         17.35","         17.30","         17.11","  109448159","          1872379492.00","      94123","   18096475","         16.53"
"IDEA","EQ","09-Apr-2019","         17.30","         17.50","         17.70","         16.80","         17.05","         16.95","         17.12","   57008691","           976231171.15","      41212","    7324595","         12.85"
"IDEA","EQ","10-Apr-2019","         16.95","         17.05","         17.15","         16.30","         16.35","         16.35","         16.75","   67257100","          1126315983.95","      41053","   11798070","         17.54"
"IDEA","EQ","11-Apr-2019","         16.35","         16.40","         16.45","         15.90","         16.30","         16.25","         16.13","   47799330","           771200690.45","      33209","    8972379","         18.77"
"IDEA","EQ","12-Apr-2019","         16.25","         16.30","         16.45","         15.90","         15.90","         16.05","         16.15","   42481657","           685881543.15","      28323","    7770536","         18.29"
"IDEA","EQ","15-Apr-2019","         16.05","         16.05","         17.35","         15.80","         16.95","         17.00","         16.73","   73466485","          1229215174.75","      50225","   16207756","         22.06"
"IDEA","EQ","16-Apr-2019","         17.00","         17.00","         18.15","         16.75","         18.05","         17.95","         17.59","  119864982","          2108032844.60","      64496","   30589627","         25.52"
"IDEA","EQ","18-Apr-2019","         17.95","         18.10","         18.15","         16.95","         17.45","         17.25","         17.58","   73204505","          1286903970.85","      45211","   12027743","         16.43"
"IDEA","EQ","22-Apr-2019","         17.25","         17.35","         17.40","         16.85","         17.30","         17.15","         17.17","   55102622","           945903660.05","      28607","    8611703","         15.63"
"IDEA","EQ","23-Apr-2019","         17.15","         17.15","         17.25","         16.85","         17.05","         17.05","         17.04","   34255032","           583843820.75","      18647","    8284399","         24.18"
"IDEA","EQ","24-Apr-2019","         17.05","         17.25","         17.75","         17.00","         17.20","         17.15","         17.26","   52632586","           908253373.65","      29552","    7844660","         14.90"
"IDEA","EQ","25-Apr-2019","         17.15","         16.75","         17.25","         16.30","         16.90","         16.85","         16.70","   69215591","          1155883524.65","      40430","   10999425","         15.89"
"IDEA","EQ","26-Apr-2019","         16.85","         16.75","         16.85","         16.05","         16.10","         16.25","         16.47","   35364872","           582444076.90","      24516","    8695532","         24.59"
"IDEA","EQ","30-Apr-2019","         16.25","         16.10","         16.20","         15.25","         15.35","         15.45","         15.71","   33729371","           529760619.55","      34789","    9911158","         29.38"
"IDEA","EQ","02-May-2019","         15.45","         15.35","         16.55","         15.15","         16.20","         16.20","         16.02","   62636435","          1003343721.55","      43406","   11925593","         19.04"
"IDEA","EQ","03-May-2019","         16.20","         16.25","         16.50","         15.90","         16.20","         16.15","         16.19","   26630328","           431142081.25","      25714","    3099990","         11.64"
"IDEA","EQ","06-May-2019","         16.15","         17.15","         17.15","         16.25","         16.40","         16.35","         16.53","   45839027","           757750178.45","      36312","    6853770","         14.95"
"IDEA","EQ","07-May-2019","         16.35","         16.40","         16.60","         15.50","         15.65","         15.60","         16.08","   36754853","           591126497.45","      23800","    6023855","         16.39"
"IDEA","EQ","08-May-2019","         15.60","         15.40","         15.40","         13.65","         14.35","         14.30","         14.45","  240357694","          3473733254.40","      92413","   79857575","         33.22"
"IDEA","EQ","09-May-2019","         14.30","         14.20","         14.50","         13.95","         14.30","         14.30","         14.29","  157917034","          2257088880.85","      53466","   62068136","         39.30"
"IDEA","EQ","10-May-2019","         14.30","         14.30","         14.30","         13.55","         13.95","         14.05","         13.92","  229057148","          3187628762.85","      83220","   81839905","         35.73"
"IDEA","EQ","13-May-2019","         14.05","         14.05","         15.00","         14.05","         14.55","         14.45","         14.65","  200282034","          2935114834.85","      71729","   65483745","         32.70"
"IDEA","EQ","14-May-2019","         14.45","         14.45","         14.55","         13.00","         14.00","         14.00","         13.84","  243253187","          3367833313.70","     108017","   46159817","         18.98"
"IDEA","EQ","15-May-2019","         14.00","         14.05","         14.15","         12.80","         12.85","         12.90","         13.32","  148791000","          1981671536.70","      77210","   42457859","         28.54"
"IDEA","EQ","16-May-2019","         12.90","         13.00","         13.00","         12.05","         12.30","         12.20","         12.43","  161982330","          2013426904.45","      74379","   42175970","         26.04"
"IDEA","EQ","17-May-2019","         12.20","         12.40","         12.45","         11.60","         11.85","         11.85","         11.94","  180983160","          2160527224.50","      68434","   44111090","         24.37"
"IDEA","EQ","20-May-2019","         11.85","         12.25","         13.00","         11.80","         12.60","         12.55","         12.49","  137707027","          1720434798.95","      52788","   17845374","         12.96"
"IDEA","EQ","21-May-2019","         12.55","         12.60","         12.65","         11.70","         11.85","         11.80","         12.06","   94310446","          1137224803.40","      36616","   20178261","         21.40"
"IDEA","EQ","22-May-2019","         11.80","         11.85","         12.30","         11.50","         12.25","         12.15","         12.01","  133499642","          1603135006.00","      47489","   35743832","         26.77"
"IDEA","EQ","23-May-2019","         12.15","         12.30","         13.00","         12.25","         12.80","         12.75","         12.64","  132685065","          1677006628.35","      44404","   46016919","         34.68"
"IDEA","EQ","24-May-2019","         12.75","         12.85","         13.25","         12.55","         12.80","         12.85","         12.87","   91577582","          1178608607.65","      35818","   24143155","         26.36"
"IDEA","EQ","27-May-2019","         12.85","         12.65","         13.25","         12.60","         13.05","         13.05","         12.94","   99540754","          1288450822.25","      31714","   18097419","         18.18"
"IDEA","EQ","28-May-2019","         13.05","         13.05","         13.80","         13.00","         13.70","         13.65","         13.50","  170049972","          2295285789.70","      51132","   67421155","         39.65"
"IDEA","EQ","29-May-2019","         13.65","         13.70","         13.75","         13.15","         13.20","         13.20","         13.31","   50735753","           675144873.50","      22404","   15133006","         29.83"
"IDEA","EQ","30-May-2019","         13.20","         13.20","         13.65","         12.95","         13.65","         13.30","         13.32","  273542405","          3643574850.35","      45584","  138000975","         50.45"
"IDEA","EQ","31-May-2019","         13.30","         13.60","         14.05","         13.45","         13.90","         13.95","         13.79","  151171664","          2085256762.00","      51584","   39532566","         26.15"
"IDEA","EQ","03-Jun-2019","         13.95","         13.95","         14.15","         13.80","         14.05","         14.00","         13.97","   55031122","           768563792.10","      48360","   15097484","         27.43"
"IDEA","EQ","04-Jun-2019","         14.00","         14.05","         14.40","         13.80","         13.85","         13.85","         14.09","   64187215","           904185128.75","      28563","   14057751","         21.90"
"IDEA","EQ","06-Jun-2019","         13.85","         13.90","         14.00","         13.20","         13.45","         13.45","         13.56","   69427339","           941276213.15","      29976","   13155648","         18.95"
"IDEA","EQ","07-Jun-2019","         13.45","         13.45","         13.55","         13.20","         13.40","         13.40","         13.40","   35136898","           470823359.35","      16596","    8302407","         23.63"
"IDEA","EQ","10-Jun-2019","         13.40","         13.30","         13.55","         12.65","         12.80","         12.80","         13.01","   49800929","           647966619.25","      26337","   12391681","         24.88"
"IDEA","EQ","11-Jun-2019","         12.80","         12.95","         13.25","         12.60","         13.15","         13.15","         12.96","   43370155","           562274677.65","      18993","    6540475","         15.08"
"IDEA","EQ","12-Jun-2019","         13.15","         13.15","         13.20","         12.80","         12.90","         12.85","         12.98","   22813410","           296047616.45","      12802","    4996735","         21.90"
"IDEA","EQ","13-Jun-2019","         12.85","         12.80","         13.05","         12.75","         12.80","         12.90","         12.89","   32447299","           418121170.65","      14067","    8302286","         25.59"
"IDEA","EQ","14-Jun-2019","         12.90","         12.85","         12.90","         12.30","         12.40","         12.50","         12.59","   35801366","           450607945.55","      18822","   13227759","         36.95"
"IDEA","EQ","17-Jun-2019","         12.50","         12.45","         12.45","         12.00","         12.00","         12.10","         12.17","   34319913","           417722350.65","      17385","   11935133","         34.36"
"IDEA","EQ","18-Jun-2019","         12.10","         12.00","         12.10","         11.80","         11.90","         11.95","         11.97","   37194394","           445053700.00","      23353","   13470862","         35.66"
"IDEA","EQ","19-Jun-2019","         11.95","         11.95","         12.25","         11.10","         11.35","         11.40","         11.71","   50447027","           590693383.25","      23996","   13474457","         26.71"
"IDEA","EQ","20-Jun-2019","         11.40","         11.30","         11.95","         11.25","         11.90","         11.90","         11.64","   33264078","           387180117.35","      20634","    8724952","         26.23"
"IDEA","EQ","21-Jun-2019","         11.90","         11.90","         12.40","         11.75","         12.15","         12.15","         12.16","   71979075","           875315135.70","      26802","   22100439","         30.70"
"IDEA","EQ","24-Jun-2019","         12.15","         12.15","         12.25","         11.95","         12.00","         12.10","         12.11","   36858260","           446424341.40","      10898","    7815124","         21.20"
"IDEA","EQ","25-Jun-2019","         12.10","         12.00","         12.30","         11.85","         12.10","         12.10","         12.08","   34910618","           421710692.85","      18803","    9397750","         26.92"
"IDEA","EQ","26-Jun-2019","         12.10","         12.05","         12.45","         12.00","         12.35","         12.35","         12.26","   50150199","           614989543.30","      33381","   13342311","         26.60"
"IDEA","EQ","27-Jun-2019","         12.35","         12.30","         12.65","         12.15","         12.30","         12.35","         12.37","  156191134","          1932552744.10","      59624","   52388512","         33.54"
"IDEA","EQ","28-Jun-2019","         12.35","         12.30","         12.40","         12.05","         12.10","         12.15","         12.20","   36562073","           445887855.60","      20758","   12822993","         35.07"
"IDEA","EQ","01-Jul-2019","         12.15","         12.10","         12.15","         11.80","         12.00","         12.00","         11.95","   33179163","           396551568.85","      15084","    8602146","         25.93"
"IDEA","EQ","02-Jul-2019","         12.00","         12.05","         12.10","         11.60","         11.65","         11.70","         11.77","   36003888","           423873013.35","      22796","   10789725","         29.97"
"IDEA","EQ","03-Jul-2019","         11.70","         11.70","         12.00","         11.60","         11.95","         11.95","         11.80","   29759766","           351294186.05","      18917","    6868549","         23.08"
"IDEA","EQ","04-Jul-2019","         11.95","         11.95","         13.15","         11.80","         12.30","         12.35","         12.57","  142320663","          1788470305.80","      63213","   17351022","         12.19"
"IDEA","EQ","05-Jul-2019","         12.35","         12.30","         12.55","         11.90","         11.95","         12.00","         12.19","   59585610","           726422363.40","      33011","    9849846","         16.53"
"IDEA","EQ","08-Jul-2019","         12.00","         11.95","         11.95","         11.40","         11.45","         11.45","         11.57","   49904183","           577579267.00","      18044","   11921689","         23.89"
"IDEA","EQ","09-Jul-2019","         11.45","         11.40","         11.55","         11.25","         11.40","         11.35","         11.41","   34589764","           394608936.80","      24087","    5865303","         16.96"
"IDEA","EQ","10-Jul-2019","         11.35","         11.35","         11.50","         11.20","         11.25","         11.25","         11.31","   33210775","           375543036.75","      15143","    7541859","         22.71"
"IDEA","EQ","11-Jul-2019","         11.25","         11.30","         11.80","         11.25","         11.60","         11.65","         11.56","   30842594","           356480516.15","      12975","    5505172","         17.85"
"IDEA","EQ","12-Jul-2019","         11.65","         11.65","         12.05","         11.55","         11.75","         11.70","         11.76","   31470511","           370143533.00","      16173","    7197459","         22.87"
"IDEA","EQ","15-Jul-2019","         11.70","         11.70","         12.00","         11.65","         11.75","         11.75","         11.78","   24805672","           292231350.35","      12928","    5660960","         22.82"
